{"cameraMode":{"drawMode":0,"name":"Shaded","section":"Shading Mode"},"sceneLighting":false,"audioPlay":false,"sceneViewState":{"m_AlwaysRefresh":false,"showFog":true,"showSkybox":false,"showFlares":true,"showImageEffects":true,"showParticleSystems":true,"showVisualEffectGraphs":true,"m_FxEnabled":false},"in2DMode":false,"pivot":{"x":-8.170000076293946,"y":0.6610576510429382,"z":6.137679576873779},"rotation":{"x":0.7375865578651428,"y":-0.003038540482521057,"z":0.0033192485570907594,"w":0.6752378940582275},"size":1.1485353708267213,"orthographic":true}